{"cameraMode":{"drawMode":0,"name":"Shaded","section":"Shading Mode"},"sceneLighting":false,"audioPlay":false,"sceneViewState":{"m_AlwaysRefresh":false,"showFog":true,"showSkybox":false,"showFlares":true,"showImageEffects":true,"showParticleSystems":true,"showVisualEffectGraphs":true,"m_FxEnabled":true},"in2DMode":false,"pivot":{"x":0.18561768531799317,"y":3.0361430644989015,"z":-2.8834848403930666},"rotation":{"x":-0.10663913935422898,"y":-0.10093548148870468,"z":-0.010958811268210411,"w":0.9891435503959656},"size":2.220353603363037,"orthographic":false}