{"cameraMode":{"drawMode":0,"name":"Shaded","section":"Shading Mode"},"sceneLighting":false,"audioPlay":false,"sceneViewState":{"m_AlwaysRefresh":false,"showFog":true,"showSkybox":false,"showFlares":true,"showImageEffects":true,"showParticleSystems":true,"showVisualEffectGraphs":true,"m_FxEnabled":true},"in2DMode":false,"pivot":{"x":12.939001083374024,"y":-0.8498091697692871,"z":16.010499954223634},"rotation":{"x":0.09473655372858048,"y":0.13073021173477174,"z":-0.012551369145512581,"w":0.9868065118789673},"size":3.9830682277679445,"orthographic":false}