{"cameraMode":{"drawMode":0,"name":"Shaded","section":"Shading Mode"},"sceneLighting":false,"audioPlay":false,"sceneViewState":{"m_AlwaysRefresh":false,"showFog":true,"showSkybox":false,"showFlares":true,"showImageEffects":true,"showParticleSystems":true,"showVisualEffectGraphs":true,"m_FxEnabled":true},"in2DMode":false,"pivot":{"x":0.10499999672174454,"y":0.11900000274181366,"z":0.9549999237060547},"rotation":{"x":0.0004176849906798452,"y":-0.9997597932815552,"z":0.01860489323735237,"w":0.016524506732821466},"size":0.17320510745048524,"orthographic":false}