{"cameraMode":{"drawMode":0,"name":"Shaded","section":"Shading Mode"},"sceneLighting":false,"audioPlay":false,"sceneViewState":{"m_AlwaysRefresh":false,"showFog":true,"showSkybox":false,"showFlares":true,"showImageEffects":true,"showParticleSystems":true,"showVisualEffectGraphs":true,"m_FxEnabled":true},"in2DMode":false,"pivot":{"x":0.00990177970379591,"y":3.1768789291381838,"z":-2.8628857135772707},"rotation":{"x":0.03173331543803215,"y":-0.6987495422363281,"z":0.031034277752041818,"w":0.7140390872955322},"size":2.844877243041992,"orthographic":false}